history_id,emp_id,event_type,event_date,from_value,to_value,field_changed,note,recorded_by
1,EMP-002,한국파견,,,한국파견,employment_type,입사,system_import
2,EMP-003,한국파견,,,한국파견,employment_type,입사,system_import
3,EMP-004,정규직원,2019-09-23,,정규직원,employment_type,입사,system_import
4,EMP-005,정규직원,2021-09-13,,정규직원,employment_type,입사,system_import
5,EMP-006,정규직원,2022-08-17,,정규직원,employment_type,입사,system_import
6,EMP-007,정규직원,2023-01-02,,정규직원,employment_type,입사,system_import
7,EMP-008,정규직원,2023-08-14,,정규직원,employment_type,입사,system_import
8,EMP-009,정규직원,2024-01-01,,정규직원,employment_type,입사,system_import
9,EMP-010,정규직원,2024-01-01,,정규직원,employment_type,입사,system_import
10,EMP-011,정규직원,2024-01-01,,정규직원,employment_type,입사,system_import
11,EMP-012,정규직원,2024-01-01,,정규직원,employment_type,입사,system_import
12,EMP-013,정규직원,2024-01-01,,정규직원,employment_type,입사,system_import
13,EMP-014,정규직원,2019-03-01,,정규직원,employment_type,입사,system_import
14,EMP-015,정규직원,2019-02-25,,정규직원,employment_type,입사,system_import
15,EMP-016,정규직원,2022-08-17,,정규직원,employment_type,입사,system_import
16,EMP-017,정규직원,2024-01-01,,정규직원,employment_type,입사,system_import
17,EMP-018,정규직원,2015-03-10,,정규직원,employment_type,입사,system_import
18,EMP-019,정규직원,2014-03-01,,정규직원,employment_type,입사,system_import
19,EMP-020,정규직원,2015-03-02,,정규직원,employment_type,입사,system_import
20,EMP-021,정규직원,2019-09-23,,정규직원,employment_type,입사,system_import
21,EMP-022,정규직원,2020-10-01,,정규직원,employment_type,입사,system_import
22,EMP-023,정규직원,2020-10-01,,정규직원,employment_type,입사,system_import
23,EMP-024,정규직원,2021-03-09,,정규직원,employment_type,입사,system_import
24,EMP-025,정규직원,2021-09-13,,정규직원,employment_type,입사,system_import
25,EMP-026,정규직원,2021-09-13,,정규직원,employment_type,입사,system_import
26,EMP-027,정규직원,2023-01-01,,정규직원,employment_type,입사,system_import
27,EMP-028,정규직원,2024-01-01,,정규직원,employment_type,입사,system_import
28,EMP-029,정규직원,2024-01-01,,정규직원,employment_type,입사,system_import
29,EMP-030,정규직원,2024-08-12,,정규직원,employment_type,입사,system_import
30,EMP-031,정규직원,2025-01-13,,정규직원,employment_type,입사,system_import
31,EMP-032,정규직원,2025-01-13,,정규직원,employment_type,입사,system_import
32,EMP-033,정규직원,2014-03-01,,정규직원,employment_type,입사,system_import
33,EMP-034,정규직원,2015-03-02,,정규직원,employment_type,입사,system_import
34,EMP-035,정규직원,2019-09-23,,정규직원,employment_type,입사,system_import
35,EMP-036,정규직원,2020-03-10,,정규직원,employment_type,입사,system_import
36,EMP-037,정규직원,2021-03-09,,정규직원,employment_type,입사,system_import
37,EMP-038,정규직원,2021-03-09,,정규직원,employment_type,입사,system_import
38,EMP-039,정규직원,2021-09-13,,정규직원,employment_type,입사,system_import
39,EMP-040,정규직원,2023-01-01,,정규직원,employment_type,입사,system_import
40,EMP-041,정규직원,2023-01-01,,정규직원,employment_type,입사,system_import
41,EMP-042,정규직원,2024-01-01,,정규직원,employment_type,입사,system_import
42,EMP-043,정규직원,2024-08-12,,정규직원,employment_type,입사,system_import
43,EMP-044,정규직원,2024-08-12,,정규직원,employment_type,입사,system_import
44,EMP-045,정규직원,2025-01-13,,정규직원,employment_type,입사,system_import
45,EMP-046,정규직원,2025-02-18,,정규직원,employment_type,입사,system_import
46,EMP-047,정규직원,2020-03-10,,정규직원,employment_type,입사,system_import
47,EMP-048,정규직원,2023-01-02,,정규직원,employment_type,입사,system_import
48,EMP-049,정규직원,2018-02-01,,정규직원,employment_type,입사,system_import
49,EMP-050,정규직원,2014-03-01,,정규직원,employment_type,입사,system_import
50,EMP-051,정규직원,2019-09-23,,정규직원,employment_type,입사,system_import
51,EMP-052,정규직원,2022-08-17,,정규직원,employment_type,입사,system_import
52,EMP-053,정규직원,2025-01-13,,정규직원,employment_type,입사,system_import
53,EMP-054,정규직원,2023-01-02,,정규직원,employment_type,입사,system_import
54,EMP-055,정규직원,2024-01-01,,정규직원,employment_type,입사,system_import
55,EMP-056,정규직원,2015-03-02,,정규직원,employment_type,입사,system_import
56,EMP-057,정규직원,2017-03-01,,정규직원,employment_type,입사,system_import
57,EMP-058,정규직원,2020-03-10,,정규직원,employment_type,입사,system_import
58,EMP-059,정규직원,2022-03-01,,정규직원,employment_type,입사,system_import
59,EMP-060,정규직원,2024-01-01,,정규직원,employment_type,입사,system_import
60,EMP-061,정규직원,2014-03-01,,정규직원,employment_type,입사,system_import
61,EMP-062,정규직원,2018-09-17,,정규직원,employment_type,입사,system_import
62,EMP-063,정규직원,2020-10-01,,정규직원,employment_type,입사,system_import
63,EMP-064,정규직원,2022-08-17,,정규직원,employment_type,입사,system_import
64,EMP-065,정규직원,2024-01-01,,정규직원,employment_type,입사,system_import
65,EMP-066,정규직원,2025-01-13,,정규직원,employment_type,입사,system_import
66,EMP-067,정규직원,2025-01-13,,정규직원,employment_type,입사,system_import
67,EMP-068,정규직원,2025-04-21,,정규직원,employment_type,입사,system_import
68,EMP-069,정규직원,2015-03-02,,정규직원,employment_type,입사,system_import
69,EMP-070,정규직원,2021-12-01,,정규직원,employment_type,입사,system_import
70,EMP-071,정규직원,2018-03-01,,정규직원,employment_type,입사,system_import
71,EMP-072,정규직원,2024-01-01,,정규직원,employment_type,입사,system_import
72,EMP-073,정규직원,2024-01-01,,정규직원,employment_type,입사,system_import
73,EMP-074,정규직원,2024-01-01,,정규직원,employment_type,입사,system_import
74,EMP-075,정규직원,2022-03-01,,정규직원,employment_type,입사,system_import
75,EMP-076,파견,2023-07-10,,파견,employment_type,입사,system_import
76,EMP-077,파견,2021-09-13,,파견,employment_type,입사,system_import
77,EMP-078,파견,2020-10-01,,파견,employment_type,입사,system_import
78,EMP-079,파견,2023-01-01,,파견,employment_type,입사,system_import
79,EMP-080,파견,2020-10-01,,파견,employment_type,입사,system_import
80,EMP-081,파견,2020-10-01,,파견,employment_type,입사,system_import
81,EMP-082,파견,2024-01-01,,파견,employment_type,입사,system_import
82,EMP-083,파견,2022-03-07,,파견,employment_type,입사,system_import
83,EMP-084,파견,2023-01-02,,파견,employment_type,입사,system_import
84,EMP-085,파견,2023-08-14,,파견,employment_type,입사,system_import
85,EMP-086,파견,2024-01-01,,파견,employment_type,입사,system_import
86,EMP-087,정규직원,2014-03-01,,정규직원,employment_type,입사,system_import
87,EMP-088,정규직원,2021-03-09,,정규직원,employment_type,입사,system_import
88,EMP-089,정규직원,2024-01-01,,정규직원,employment_type,입사,system_import
89,EMP-090,인턴,2026-02-01,,인턴,employment_type,입사,system_import
90,EMP-091,인턴,2026-02-01,,인턴,employment_type,입사,system_import
91,EMP-092,인턴,2026-02-01,,인턴,employment_type,입사,system_import
92,EMP-093,인턴,2026-02-01,,인턴,employment_type,입사,system_import
93,EMP-094,정규직원,2013-03-01,,정규직원,employment_type,입사,system_import
94,EMP-095,정규직원,2014-03-01,,정규직원,employment_type,입사,system_import
95,EMP-096,정규직원,2022-03-01,,정규직원,employment_type,입사,system_import
96,EMP-097,정규직원,2023-01-02,,정규직원,employment_type,입사,system_import
97,EMP-098,정규직원,2025-09-08,,정규직원,employment_type,입사,system_import
98,EMP-099,정규직원,2017-04-01,,정규직원,employment_type,입사,system_import
99,EMP-100,정규직원,2025-02-03,,정규직원,employment_type,입사,system_import
100,EMP-101,정규직원,2022-03-01,,정규직원,employment_type,입사,system_import
101,EMP-102,정규직원,2021-03-09,,정규직원,employment_type,입사,system_import
102,EMP-103,정규직원,2020-10-07,,정규직원,employment_type,입사,system_import
103,EMP-104,정규직원,2024-09-16,,정규직원,employment_type,입사,system_import
104,EMP-105,파견준비,2022-03-01,,파견준비,employment_type,입사,system_import
105,EMP-106,정규직원,2022-03-01,,정규직원,employment_type,입사,system_import
106,EMP-107,정규직원,2024-01-01,,정규직원,employment_type,입사,system_import
107,EMP-108,정규직원,2024-01-01,,정규직원,employment_type,입사,system_import
108,EMP-109,정규직원,2021-09-13,,정규직원,employment_type,입사,system_import
109,EMP-110,정규직원,2024-01-01,,정규직원,employment_type,입사,system_import
110,EMP-111,정규직원,2021-04-01,,정규직원,employment_type,입사,system_import
111,EMP-112,정규직원,2022-03-01,,정규직원,employment_type,입사,system_import
112,EMP-113,정규직원,2023-05-01,,정규직원,employment_type,입사,system_import
113,EMP-114,파견준비,2024-10-16,,파견준비,employment_type,입사,system_import
114,EMP-115,파견준비,2022-08-17,,파견준비,employment_type,입사,system_import
115,EMP-116,파견준비,2022-08-17,,파견준비,employment_type,입사,system_import
116,EMP-117,정규직원,2020-10-01,,정규직원,employment_type,입사,system_import
117,EMP-118,정규직원,2023-09-01,,정규직원,employment_type,입사,system_import
118,EMP-119,정규직원,2024-01-01,,정규직원,employment_type,입사,system_import
119,EMP-120,인턴,2026-02-01,,인턴,employment_type,입사,system_import
120,EMP-121,정규직원,2014-03-01,,정규직원,employment_type,입사,system_import
121,EMP-122,정규직원,2024-03-01,,정규직원,employment_type,입사,system_import
122,EMP-123,정규직원,2024-08-12,,정규직원,employment_type,입사,system_import
123,EMP-124,정규직원,2023-06-19,,정규직원,employment_type,입사,system_import
124,EMP-125,정규직원,2014-01-01,,정규직원,employment_type,입사,system_import
125,EMP-126,정규직원,2014-03-01,,정규직원,employment_type,입사,system_import
126,EMP-127,정규직원,2013-03-01,,정규직원,employment_type,입사,system_import
127,EMP-128,정규직원,2014-03-01,,정규직원,employment_type,입사,system_import
128,EMP-129,정규직원,2018-09-17,,정규직원,employment_type,입사,system_import
129,EMP-130,정규직원,2014-01-01,,정규직원,employment_type,입사,system_import
130,EMP-131,정규직원,2024-08-12,,정규직원,employment_type,입사,system_import
131,EMP-132,정규직원,2020-10-01,,정규직원,employment_type,입사,system_import
132,EMP-133,정규직원,2013-03-01,,정규직원,employment_type,입사,system_import
133,EMP-134,정규직원,2014-11-13,,정규직원,employment_type,입사,system_import
134,EMP-135,정규직원,2025-10-08,,정규직원,employment_type,입사,system_import
135,EMP-136,정규직원,2014-07-01,,정규직원,employment_type,입사,system_import
136,EMP-137,정규직원,2015-03-10,,정규직원,employment_type,입사,system_import
137,EMP-138,정규직원,2013-08-06,,정규직원,employment_type,입사,system_import
138,EMP-139,정규직원,2023-03-01,,정규직원,employment_type,입사,system_import
139,EMP-140,정규직원,2013-03-01,,정규직원,employment_type,입사,system_import
140,EMP-141,정규직원,2013-06-17,,정규직원,employment_type,입사,system_import
141,EMP-142,정규직원,2021-03-29,,정규직원,employment_type,입사,system_import
